Level,Group,Task,Model,Metric,Unit,AvailableFlightCount,MissingFlightCount,MeanOfFlightMetric,StdOfFlightMetric,MinFlightMetric,MaxFlightMetric,P50FlightMetric,P90FlightMetric,P95FlightMetric,Status
flight,const4-trial1-traj1,tdoa,raw,rmse_m,m,1,0,0.1701,0,0.1701,0.1701,0.1701,0.1701,0.1701,available
flight,const4-trial1-traj1,tdoa,fnn,rmse_m,m,1,0,0.1494,0,0.1494,0.1494,0.1494,0.1494,0.1494,available
flight,const4-trial1-traj1,tdoa,cnn1,rmse_m,m,1,0,0.1366,0,0.1366,0.1366,0.1366,0.1366,0.1366,available
flight,const4-trial1-traj1,tdoa,cnn2,rmse_m,m,1,0,0.1465,0,0.1465,0.1465,0.1465,0.1465,0.1465,available
flight,const4-trial1-traj1,tdoa,raw,mae_m,m,1,0,0.1395,0,0.1395,0.1395,0.1395,0.1395,0.1395,available
flight,const4-trial1-traj1,tdoa,fnn,mae_m,m,1,0,0.1126,0,0.1126,0.1126,0.1126,0.1126,0.1126,available
flight,const4-trial1-traj1,tdoa,cnn1,mae_m,m,1,0,0.1008,0,0.1008,0.1008,0.1008,0.1008,0.1008,available
flight,const4-trial1-traj1,tdoa,cnn2,mae_m,m,1,0,0.108,0,0.108,0.108,0.108,0.108,0.108,available
flight,const4-trial1-traj1,position,raw,rmse_m,m,1,0,0.3412,0,0.3412,0.3412,0.3412,0.3412,0.3412,available
flight,const4-trial1-traj1,position,fnn,rmse_m,m,1,0,0.1499,0,0.1499,0.1499,0.1499,0.1499,0.1499,available
flight,const4-trial1-traj1,position,cnn1,rmse_m,m,1,0,0.1186,0,0.1186,0.1186,0.1186,0.1186,0.1186,available
flight,const4-trial1-traj1,position,cnn2,rmse_m,m,1,0,0.1279,0,0.1279,0.1279,0.1279,0.1279,0.1279,available
flight,const4-trial1-traj1,position,raw,mae_m,m,0,1,NaN,NaN,NaN,NaN,NaN,NaN,NaN,unavailable
flight,const4-trial1-traj1,position,fnn,mae_m,m,0,1,NaN,NaN,NaN,NaN,NaN,NaN,NaN,unavailable
flight,const4-trial1-traj1,position,cnn1,mae_m,m,0,1,NaN,NaN,NaN,NaN,NaN,NaN,NaN,unavailable
flight,const4-trial1-traj1,position,cnn2,mae_m,m,0,1,NaN,NaN,NaN,NaN,NaN,NaN,NaN,unavailable
flight,const4-trial1-traj2,tdoa,raw,rmse_m,m,1,0,0.6573,0,0.6573,0.6573,0.6573,0.6573,0.6573,available
flight,const4-trial1-traj2,tdoa,fnn,rmse_m,m,1,0,0.3063,0,0.3063,0.3063,0.3063,0.3063,0.3063,available
flight,const4-trial1-traj2,tdoa,cnn1,rmse_m,m,1,0,0.2463,0,0.2463,0.2463,0.2463,0.2463,0.2463,available
flight,const4-trial1-traj2,tdoa,cnn2,rmse_m,m,1,0,0.1716,0,0.1716,0.1716,0.1716,0.1716,0.1716,available
flight,const4-trial1-traj2,tdoa,raw,mae_m,m,1,0,0.1367,0,0.1367,0.1367,0.1367,0.1367,0.1367,available
flight,const4-trial1-traj2,tdoa,fnn,mae_m,m,1,0,0.129,0,0.129,0.129,0.129,0.129,0.129,available
flight,const4-trial1-traj2,tdoa,cnn1,mae_m,m,1,0,0.112,0,0.112,0.112,0.112,0.112,0.112,available
flight,const4-trial1-traj2,tdoa,cnn2,mae_m,m,1,0,0.1219,0,0.1219,0.1219,0.1219,0.1219,0.1219,available
flight,const4-trial1-traj2,position,raw,rmse_m,m,1,0,0.2474,0,0.2474,0.2474,0.2474,0.2474,0.2474,available
flight,const4-trial1-traj2,position,fnn,rmse_m,m,1,0,0.3625,0,0.3625,0.3625,0.3625,0.3625,0.3625,available
flight,const4-trial1-traj2,position,cnn1,rmse_m,m,1,0,0.2504,0,0.2504,0.2504,0.2504,0.2504,0.2504,available
flight,const4-trial1-traj2,position,cnn2,rmse_m,m,1,0,0.222,0,0.222,0.222,0.222,0.222,0.222,available
flight,const4-trial1-traj2,position,raw,mae_m,m,0,1,NaN,NaN,NaN,NaN,NaN,NaN,NaN,unavailable
flight,const4-trial1-traj2,position,fnn,mae_m,m,0,1,NaN,NaN,NaN,NaN,NaN,NaN,NaN,unavailable
flight,const4-trial1-traj2,position,cnn1,mae_m,m,0,1,NaN,NaN,NaN,NaN,NaN,NaN,NaN,unavailable
flight,const4-trial1-traj2,position,cnn2,mae_m,m,0,1,NaN,NaN,NaN,NaN,NaN,NaN,NaN,unavailable
flight,const4-trial1-traj3,tdoa,raw,rmse_m,m,1,0,0.1733,0,0.1733,0.1733,0.1733,0.1733,0.1733,available
flight,const4-trial1-traj3,tdoa,fnn,rmse_m,m,1,0,0.1638,0,0.1638,0.1638,0.1638,0.1638,0.1638,available
flight,const4-trial1-traj3,tdoa,cnn1,rmse_m,m,1,0,0.1474,0,0.1474,0.1474,0.1474,0.1474,0.1474,available
flight,const4-trial1-traj3,tdoa,cnn2,rmse_m,m,1,0,0.1631,0,0.1631,0.1631,0.1631,0.1631,0.1631,available
flight,const4-trial1-traj3,tdoa,raw,mae_m,m,1,0,0.1388,0,0.1388,0.1388,0.1388,0.1388,0.1388,available
flight,const4-trial1-traj3,tdoa,fnn,mae_m,m,1,0,0.1197,0,0.1197,0.1197,0.1197,0.1197,0.1197,available
flight,const4-trial1-traj3,tdoa,cnn1,mae_m,m,1,0,0.1054,0,0.1054,0.1054,0.1054,0.1054,0.1054,available
flight,const4-trial1-traj3,tdoa,cnn2,mae_m,m,1,0,0.116,0,0.116,0.116,0.116,0.116,0.116,available
flight,const4-trial1-traj3,position,raw,rmse_m,m,1,0,0.3016,0,0.3016,0.3016,0.3016,0.3016,0.3016,available
flight,const4-trial1-traj3,position,fnn,rmse_m,m,1,0,0.2703,0,0.2703,0.2703,0.2703,0.2703,0.2703,available
flight,const4-trial1-traj3,position,cnn1,rmse_m,m,1,0,0.1918,0,0.1918,0.1918,0.1918,0.1918,0.1918,available
flight,const4-trial1-traj3,position,cnn2,rmse_m,m,1,0,0.1866,0,0.1866,0.1866,0.1866,0.1866,0.1866,available
flight,const4-trial1-traj3,position,raw,mae_m,m,0,1,NaN,NaN,NaN,NaN,NaN,NaN,NaN,unavailable
flight,const4-trial1-traj3,position,fnn,mae_m,m,0,1,NaN,NaN,NaN,NaN,NaN,NaN,NaN,unavailable
flight,const4-trial1-traj3,position,cnn1,mae_m,m,0,1,NaN,NaN,NaN,NaN,NaN,NaN,NaN,unavailable
flight,const4-trial1-traj3,position,cnn2,mae_m,m,0,1,NaN,NaN,NaN,NaN,NaN,NaN,NaN,unavailable
flight,const4-trial2-traj1,tdoa,raw,rmse_m,m,1,0,0.1914,0,0.1914,0.1914,0.1914,0.1914,0.1914,available
flight,const4-trial2-traj1,tdoa,fnn,rmse_m,m,1,0,0.1581,0,0.1581,0.1581,0.1581,0.1581,0.1581,available
flight,const4-trial2-traj1,tdoa,cnn1,rmse_m,m,1,0,0.1398,0,0.1398,0.1398,0.1398,0.1398,0.1398,available
flight,const4-trial2-traj1,tdoa,cnn2,rmse_m,m,1,0,0.1527,0,0.1527,0.1527,0.1527,0.1527,0.1527,available
flight,const4-trial2-traj1,tdoa,raw,mae_m,m,1,0,0.1572,0,0.1572,0.1572,0.1572,0.1572,0.1572,available
flight,const4-trial2-traj1,tdoa,fnn,mae_m,m,1,0,0.1196,0,0.1196,0.1196,0.1196,0.1196,0.1196,available
flight,const4-trial2-traj1,tdoa,cnn1,mae_m,m,1,0,0.104,0,0.104,0.104,0.104,0.104,0.104,available
flight,const4-trial2-traj1,tdoa,cnn2,mae_m,m,1,0,0.1112,0,0.1112,0.1112,0.1112,0.1112,0.1112,available
flight,const4-trial2-traj1,position,raw,rmse_m,m,1,0,0.4109,0,0.4109,0.4109,0.4109,0.4109,0.4109,available
flight,const4-trial2-traj1,position,fnn,rmse_m,m,1,0,0.1433,0,0.1433,0.1433,0.1433,0.1433,0.1433,available
flight,const4-trial2-traj1,position,cnn1,rmse_m,m,1,0,0.1945,0,0.1945,0.1945,0.1945,0.1945,0.1945,available
flight,const4-trial2-traj1,position,cnn2,rmse_m,m,1,0,0.1481,0,0.1481,0.1481,0.1481,0.1481,0.1481,available
flight,const4-trial2-traj1,position,raw,mae_m,m,0,1,NaN,NaN,NaN,NaN,NaN,NaN,NaN,unavailable
flight,const4-trial2-traj1,position,fnn,mae_m,m,0,1,NaN,NaN,NaN,NaN,NaN,NaN,NaN,unavailable
flight,const4-trial2-traj1,position,cnn1,mae_m,m,0,1,NaN,NaN,NaN,NaN,NaN,NaN,NaN,unavailable
flight,const4-trial2-traj1,position,cnn2,mae_m,m,0,1,NaN,NaN,NaN,NaN,NaN,NaN,NaN,unavailable
flight,const4-trial2-traj2,tdoa,raw,rmse_m,m,1,0,0.1793,0,0.1793,0.1793,0.1793,0.1793,0.1793,available
flight,const4-trial2-traj2,tdoa,fnn,rmse_m,m,1,0,0.1577,0,0.1577,0.1577,0.1577,0.1577,0.1577,available
flight,const4-trial2-traj2,tdoa,cnn1,rmse_m,m,1,0,0.1427,0,0.1427,0.1427,0.1427,0.1427,0.1427,available
flight,const4-trial2-traj2,tdoa,cnn2,rmse_m,m,1,0,0.156,0,0.156,0.156,0.156,0.156,0.156,available
flight,const4-trial2-traj2,tdoa,raw,mae_m,m,1,0,0.1483,0,0.1483,0.1483,0.1483,0.1483,0.1483,available
flight,const4-trial2-traj2,tdoa,fnn,mae_m,m,1,0,0.1182,0,0.1182,0.1182,0.1182,0.1182,0.1182,available
flight,const4-trial2-traj2,tdoa,cnn1,mae_m,m,1,0,0.1041,0,0.1041,0.1041,0.1041,0.1041,0.1041,available
flight,const4-trial2-traj2,tdoa,cnn2,mae_m,m,1,0,0.1136,0,0.1136,0.1136,0.1136,0.1136,0.1136,available
flight,const4-trial2-traj2,position,raw,rmse_m,m,1,0,0.3139,0,0.3139,0.3139,0.3139,0.3139,0.3139,available
flight,const4-trial2-traj2,position,fnn,rmse_m,m,1,0,0.1044,0,0.1044,0.1044,0.1044,0.1044,0.1044,available
flight,const4-trial2-traj2,position,cnn1,rmse_m,m,1,0,0.1086,0,0.1086,0.1086,0.1086,0.1086,0.1086,available
flight,const4-trial2-traj2,position,cnn2,rmse_m,m,1,0,0.1007,0,0.1007,0.1007,0.1007,0.1007,0.1007,available
flight,const4-trial2-traj2,position,raw,mae_m,m,0,1,NaN,NaN,NaN,NaN,NaN,NaN,NaN,unavailable
flight,const4-trial2-traj2,position,fnn,mae_m,m,0,1,NaN,NaN,NaN,NaN,NaN,NaN,NaN,unavailable
flight,const4-trial2-traj2,position,cnn1,mae_m,m,0,1,NaN,NaN,NaN,NaN,NaN,NaN,NaN,unavailable
flight,const4-trial2-traj2,position,cnn2,mae_m,m,0,1,NaN,NaN,NaN,NaN,NaN,NaN,NaN,unavailable
flight,const4-trial2-traj3,tdoa,raw,rmse_m,m,1,0,0.1906,0,0.1906,0.1906,0.1906,0.1906,0.1906,available
flight,const4-trial2-traj3,tdoa,fnn,rmse_m,m,1,0,0.1615,0,0.1615,0.1615,0.1615,0.1615,0.1615,available
flight,const4-trial2-traj3,tdoa,cnn1,rmse_m,m,1,0,0.1465,0,0.1465,0.1465,0.1465,0.1465,0.1465,available
flight,const4-trial2-traj3,tdoa,cnn2,rmse_m,m,1,0,0.1582,0,0.1582,0.1582,0.1582,0.1582,0.1582,available
flight,const4-trial2-traj3,tdoa,raw,mae_m,m,1,0,0.1571,0,0.1571,0.1571,0.1571,0.1571,0.1571,available
flight,const4-trial2-traj3,tdoa,fnn,mae_m,m,1,0,0.1178,0,0.1178,0.1178,0.1178,0.1178,0.1178,available
flight,const4-trial2-traj3,tdoa,cnn1,mae_m,m,1,0,0.1066,0,0.1066,0.1066,0.1066,0.1066,0.1066,available
flight,const4-trial2-traj3,tdoa,cnn2,mae_m,m,1,0,0.1129,0,0.1129,0.1129,0.1129,0.1129,0.1129,available
flight,const4-trial2-traj3,position,raw,rmse_m,m,1,0,0.2987,0,0.2987,0.2987,0.2987,0.2987,0.2987,available
flight,const4-trial2-traj3,position,fnn,rmse_m,m,1,0,0.1596,0,0.1596,0.1596,0.1596,0.1596,0.1596,available
flight,const4-trial2-traj3,position,cnn1,rmse_m,m,1,0,0.1484,0,0.1484,0.1484,0.1484,0.1484,0.1484,available
flight,const4-trial2-traj3,position,cnn2,rmse_m,m,1,0,0.1392,0,0.1392,0.1392,0.1392,0.1392,0.1392,available
flight,const4-trial2-traj3,position,raw,mae_m,m,0,1,NaN,NaN,NaN,NaN,NaN,NaN,NaN,unavailable
flight,const4-trial2-traj3,position,fnn,mae_m,m,0,1,NaN,NaN,NaN,NaN,NaN,NaN,NaN,unavailable
flight,const4-trial2-traj3,position,cnn1,mae_m,m,0,1,NaN,NaN,NaN,NaN,NaN,NaN,NaN,unavailable
flight,const4-trial2-traj3,position,cnn2,mae_m,m,0,1,NaN,NaN,NaN,NaN,NaN,NaN,NaN,unavailable
flight,const4-trial3-traj1,tdoa,raw,rmse_m,m,1,0,0.6078,0,0.6078,0.6078,0.6078,0.6078,0.6078,available
flight,const4-trial3-traj1,tdoa,fnn,rmse_m,m,1,0,0.4168,0,0.4168,0.4168,0.4168,0.4168,0.4168,available
flight,const4-trial3-traj1,tdoa,cnn1,rmse_m,m,1,0,0.4105,0,0.4105,0.4105,0.4105,0.4105,0.4105,available
flight,const4-trial3-traj1,tdoa,cnn2,rmse_m,m,1,0,0.4282,0,0.4282,0.4282,0.4282,0.4282,0.4282,available
flight,const4-trial3-traj1,tdoa,raw,mae_m,m,1,0,0.3315,0,0.3315,0.3315,0.3315,0.3315,0.3315,available
flight,const4-trial3-traj1,tdoa,fnn,mae_m,m,1,0,0.2356,0,0.2356,0.2356,0.2356,0.2356,0.2356,available
flight,const4-trial3-traj1,tdoa,cnn1,mae_m,m,1,0,0.2185,0,0.2185,0.2185,0.2185,0.2185,0.2185,available
flight,const4-trial3-traj1,tdoa,cnn2,mae_m,m,1,0,0.2325,0,0.2325,0.2325,0.2325,0.2325,0.2325,available
flight,const4-trial3-traj1,position,raw,rmse_m,m,1,0,0.6365,0,0.6365,0.6365,0.6365,0.6365,0.6365,available
flight,const4-trial3-traj1,position,fnn,rmse_m,m,1,0,0.4702,0,0.4702,0.4702,0.4702,0.4702,0.4702,available
flight,const4-trial3-traj1,position,cnn1,rmse_m,m,1,0,0.4137,0,0.4137,0.4137,0.4137,0.4137,0.4137,available
flight,const4-trial3-traj1,position,cnn2,rmse_m,m,1,0,0.4614,0,0.4614,0.4614,0.4614,0.4614,0.4614,available
flight,const4-trial3-traj1,position,raw,mae_m,m,0,1,NaN,NaN,NaN,NaN,NaN,NaN,NaN,unavailable
flight,const4-trial3-traj1,position,fnn,mae_m,m,0,1,NaN,NaN,NaN,NaN,NaN,NaN,NaN,unavailable
flight,const4-trial3-traj1,position,cnn1,mae_m,m,0,1,NaN,NaN,NaN,NaN,NaN,NaN,NaN,unavailable
flight,const4-trial3-traj1,position,cnn2,mae_m,m,0,1,NaN,NaN,NaN,NaN,NaN,NaN,NaN,unavailable
flight,const4-trial3-traj2,tdoa,raw,rmse_m,m,1,0,0.482,0,0.482,0.482,0.482,0.482,0.482,available
flight,const4-trial3-traj2,tdoa,fnn,rmse_m,m,1,0,0.3509,0,0.3509,0.3509,0.3509,0.3509,0.3509,available
flight,const4-trial3-traj2,tdoa,cnn1,rmse_m,m,1,0,0.3492,0,0.3492,0.3492,0.3492,0.3492,0.3492,available
flight,const4-trial3-traj2,tdoa,cnn2,rmse_m,m,1,0,0.3585,0,0.3585,0.3585,0.3585,0.3585,0.3585,available
flight,const4-trial3-traj2,tdoa,raw,mae_m,m,1,0,0.2691,0,0.2691,0.2691,0.2691,0.2691,0.2691,available
flight,const4-trial3-traj2,tdoa,fnn,mae_m,m,1,0,0.2041,0,0.2041,0.2041,0.2041,0.2041,0.2041,available
flight,const4-trial3-traj2,tdoa,cnn1,mae_m,m,1,0,0.188,0,0.188,0.188,0.188,0.188,0.188,available
flight,const4-trial3-traj2,tdoa,cnn2,mae_m,m,1,0,0.2024,0,0.2024,0.2024,0.2024,0.2024,0.2024,available
flight,const4-trial3-traj2,position,raw,rmse_m,m,1,0,0.6325,0,0.6325,0.6325,0.6325,0.6325,0.6325,available
flight,const4-trial3-traj2,position,fnn,rmse_m,m,1,0,0.4545,0,0.4545,0.4545,0.4545,0.4545,0.4545,available
flight,const4-trial3-traj2,position,cnn1,rmse_m,m,1,0,0.4017,0,0.4017,0.4017,0.4017,0.4017,0.4017,available
flight,const4-trial3-traj2,position,cnn2,rmse_m,m,1,0,0.4555,0,0.4555,0.4555,0.4555,0.4555,0.4555,available
flight,const4-trial3-traj2,position,raw,mae_m,m,0,1,NaN,NaN,NaN,NaN,NaN,NaN,NaN,unavailable
flight,const4-trial3-traj2,position,fnn,mae_m,m,0,1,NaN,NaN,NaN,NaN,NaN,NaN,NaN,unavailable
flight,const4-trial3-traj2,position,cnn1,mae_m,m,0,1,NaN,NaN,NaN,NaN,NaN,NaN,NaN,unavailable
flight,const4-trial3-traj2,position,cnn2,mae_m,m,0,1,NaN,NaN,NaN,NaN,NaN,NaN,NaN,unavailable
flight,const4-trial3-traj3,tdoa,raw,rmse_m,m,1,0,0.4541,0,0.4541,0.4541,0.4541,0.4541,0.4541,available
flight,const4-trial3-traj3,tdoa,fnn,rmse_m,m,1,0,0.352,0,0.352,0.352,0.352,0.352,0.352,available
flight,const4-trial3-traj3,tdoa,cnn1,rmse_m,m,1,0,0.3564,0,0.3564,0.3564,0.3564,0.3564,0.3564,available
flight,const4-trial3-traj3,tdoa,cnn2,rmse_m,m,1,0,0.3632,0,0.3632,0.3632,0.3632,0.3632,0.3632,available
flight,const4-trial3-traj3,tdoa,raw,mae_m,m,1,0,0.2536,0,0.2536,0.2536,0.2536,0.2536,0.2536,available
flight,const4-trial3-traj3,tdoa,fnn,mae_m,m,1,0,0.195,0,0.195,0.195,0.195,0.195,0.195,available
flight,const4-trial3-traj3,tdoa,cnn1,mae_m,m,1,0,0.1861,0,0.1861,0.1861,0.1861,0.1861,0.1861,available
flight,const4-trial3-traj3,tdoa,cnn2,mae_m,m,1,0,0.1953,0,0.1953,0.1953,0.1953,0.1953,0.1953,available
flight,const4-trial3-traj3,position,raw,rmse_m,m,1,0,0.6638,0,0.6638,0.6638,0.6638,0.6638,0.6638,available
flight,const4-trial3-traj3,position,fnn,rmse_m,m,1,0,0.4515,0,0.4515,0.4515,0.4515,0.4515,0.4515,available
flight,const4-trial3-traj3,position,cnn1,rmse_m,m,1,0,0.4073,0,0.4073,0.4073,0.4073,0.4073,0.4073,available
flight,const4-trial3-traj3,position,cnn2,rmse_m,m,1,0,0.4553,0,0.4553,0.4553,0.4553,0.4553,0.4553,available
flight,const4-trial3-traj3,position,raw,mae_m,m,0,1,NaN,NaN,NaN,NaN,NaN,NaN,NaN,unavailable
flight,const4-trial3-traj3,position,fnn,mae_m,m,0,1,NaN,NaN,NaN,NaN,NaN,NaN,NaN,unavailable
flight,const4-trial3-traj3,position,cnn1,mae_m,m,0,1,NaN,NaN,NaN,NaN,NaN,NaN,NaN,unavailable
flight,const4-trial3-traj3,position,cnn2,mae_m,m,0,1,NaN,NaN,NaN,NaN,NaN,NaN,NaN,unavailable
flight,const4-trial4-traj1,tdoa,raw,rmse_m,m,1,0,0.489,0,0.489,0.489,0.489,0.489,0.489,available
flight,const4-trial4-traj1,tdoa,fnn,rmse_m,m,1,0,0.3481,0,0.3481,0.3481,0.3481,0.3481,0.3481,available
flight,const4-trial4-traj1,tdoa,cnn1,rmse_m,m,1,0,0.3414,0,0.3414,0.3414,0.3414,0.3414,0.3414,available
flight,const4-trial4-traj1,tdoa,cnn2,rmse_m,m,1,0,0.354,0,0.354,0.354,0.354,0.354,0.354,available
flight,const4-trial4-traj1,tdoa,raw,mae_m,m,1,0,0.3165,0,0.3165,0.3165,0.3165,0.3165,0.3165,available
flight,const4-trial4-traj1,tdoa,fnn,mae_m,m,1,0,0.2184,0,0.2184,0.2184,0.2184,0.2184,0.2184,available
flight,const4-trial4-traj1,tdoa,cnn1,mae_m,m,1,0,0.2097,0,0.2097,0.2097,0.2097,0.2097,0.2097,available
flight,const4-trial4-traj1,tdoa,cnn2,mae_m,m,1,0,0.2182,0,0.2182,0.2182,0.2182,0.2182,0.2182,available
flight,const4-trial4-traj1,position,raw,rmse_m,m,1,0,0.8805,0,0.8805,0.8805,0.8805,0.8805,0.8805,available
flight,const4-trial4-traj1,position,fnn,rmse_m,m,1,0,0.5426,0,0.5426,0.5426,0.5426,0.5426,0.5426,available
flight,const4-trial4-traj1,position,cnn1,rmse_m,m,1,0,0.541,0,0.541,0.541,0.541,0.541,0.541,available
flight,const4-trial4-traj1,position,cnn2,rmse_m,m,1,0,0.5529,0,0.5529,0.5529,0.5529,0.5529,0.5529,available
flight,const4-trial4-traj1,position,raw,mae_m,m,0,1,NaN,NaN,NaN,NaN,NaN,NaN,NaN,unavailable
flight,const4-trial4-traj1,position,fnn,mae_m,m,0,1,NaN,NaN,NaN,NaN,NaN,NaN,NaN,unavailable
flight,const4-trial4-traj1,position,cnn1,mae_m,m,0,1,NaN,NaN,NaN,NaN,NaN,NaN,NaN,unavailable
flight,const4-trial4-traj1,position,cnn2,mae_m,m,0,1,NaN,NaN,NaN,NaN,NaN,NaN,NaN,unavailable
flight,const4-trial4-traj2,tdoa,raw,rmse_m,m,1,0,0.4885,0,0.4885,0.4885,0.4885,0.4885,0.4885,available
flight,const4-trial4-traj2,tdoa,fnn,rmse_m,m,1,0,0.3542,0,0.3542,0.3542,0.3542,0.3542,0.3542,available
flight,const4-trial4-traj2,tdoa,cnn1,rmse_m,m,1,0,0.3496,0,0.3496,0.3496,0.3496,0.3496,0.3496,available
flight,const4-trial4-traj2,tdoa,cnn2,rmse_m,m,1,0,0.3603,0,0.3603,0.3603,0.3603,0.3603,0.3603,available
flight,const4-trial4-traj2,tdoa,raw,mae_m,m,1,0,0.3003,0,0.3003,0.3003,0.3003,0.3003,0.3003,available
flight,const4-trial4-traj2,tdoa,fnn,mae_m,m,1,0,0.2156,0,0.2156,0.2156,0.2156,0.2156,0.2156,available
flight,const4-trial4-traj2,tdoa,cnn1,mae_m,m,1,0,0.2054,0,0.2054,0.2054,0.2054,0.2054,0.2054,available
flight,const4-trial4-traj2,tdoa,cnn2,mae_m,m,1,0,0.2164,0,0.2164,0.2164,0.2164,0.2164,0.2164,available
flight,const4-trial4-traj2,position,raw,rmse_m,m,1,0,0.6734,0,0.6734,0.6734,0.6734,0.6734,0.6734,available
flight,const4-trial4-traj2,position,fnn,rmse_m,m,1,0,0.46,0,0.46,0.46,0.46,0.46,0.46,available
flight,const4-trial4-traj2,position,cnn1,rmse_m,m,1,0,0.4494,0,0.4494,0.4494,0.4494,0.4494,0.4494,available
flight,const4-trial4-traj2,position,cnn2,rmse_m,m,1,0,0.4696,0,0.4696,0.4696,0.4696,0.4696,0.4696,available
flight,const4-trial4-traj2,position,raw,mae_m,m,0,1,NaN,NaN,NaN,NaN,NaN,NaN,NaN,unavailable
flight,const4-trial4-traj2,position,fnn,mae_m,m,0,1,NaN,NaN,NaN,NaN,NaN,NaN,NaN,unavailable
flight,const4-trial4-traj2,position,cnn1,mae_m,m,0,1,NaN,NaN,NaN,NaN,NaN,NaN,NaN,unavailable
flight,const4-trial4-traj2,position,cnn2,mae_m,m,0,1,NaN,NaN,NaN,NaN,NaN,NaN,NaN,unavailable
flight,const4-trial4-traj3,tdoa,raw,rmse_m,m,1,0,0.4638,0,0.4638,0.4638,0.4638,0.4638,0.4638,available
flight,const4-trial4-traj3,tdoa,fnn,rmse_m,m,1,0,0.3563,0,0.3563,0.3563,0.3563,0.3563,0.3563,available
flight,const4-trial4-traj3,tdoa,cnn1,rmse_m,m,1,0,0.3517,0,0.3517,0.3517,0.3517,0.3517,0.3517,available
flight,const4-trial4-traj3,tdoa,cnn2,rmse_m,m,1,0,0.3625,0,0.3625,0.3625,0.3625,0.3625,0.3625,available
flight,const4-trial4-traj3,tdoa,raw,mae_m,m,1,0,0.2926,0,0.2926,0.2926,0.2926,0.2926,0.2926,available
flight,const4-trial4-traj3,tdoa,fnn,mae_m,m,1,0,0.2103,0,0.2103,0.2103,0.2103,0.2103,0.2103,available
flight,const4-trial4-traj3,tdoa,cnn1,mae_m,m,1,0,0.2005,0,0.2005,0.2005,0.2005,0.2005,0.2005,available
flight,const4-trial4-traj3,tdoa,cnn2,mae_m,m,1,0,0.2092,0,0.2092,0.2092,0.2092,0.2092,0.2092,available
flight,const4-trial4-traj3,position,raw,rmse_m,m,1,0,0.7437,0,0.7437,0.7437,0.7437,0.7437,0.7437,available
flight,const4-trial4-traj3,position,fnn,rmse_m,m,1,0,0.4952,0,0.4952,0.4952,0.4952,0.4952,0.4952,available
flight,const4-trial4-traj3,position,cnn1,rmse_m,m,1,0,0.5032,0,0.5032,0.5032,0.5032,0.5032,0.5032,available
flight,const4-trial4-traj3,position,cnn2,rmse_m,m,1,0,0.5194,0,0.5194,0.5194,0.5194,0.5194,0.5194,available
flight,const4-trial4-traj3,position,raw,mae_m,m,0,1,NaN,NaN,NaN,NaN,NaN,NaN,NaN,unavailable
flight,const4-trial4-traj3,position,fnn,mae_m,m,0,1,NaN,NaN,NaN,NaN,NaN,NaN,NaN,unavailable
flight,const4-trial4-traj3,position,cnn1,mae_m,m,0,1,NaN,NaN,NaN,NaN,NaN,NaN,NaN,unavailable
flight,const4-trial4-traj3,position,cnn2,mae_m,m,0,1,NaN,NaN,NaN,NaN,NaN,NaN,NaN,unavailable
flight,const4-trial5-traj1,tdoa,raw,rmse_m,m,1,0,0.3524,0,0.3524,0.3524,0.3524,0.3524,0.3524,available
flight,const4-trial5-traj1,tdoa,fnn,rmse_m,m,1,0,0.2833,0,0.2833,0.2833,0.2833,0.2833,0.2833,available
flight,const4-trial5-traj1,tdoa,cnn1,rmse_m,m,1,0,0.2817,0,0.2817,0.2817,0.2817,0.2817,0.2817,available
flight,const4-trial5-traj1,tdoa,cnn2,rmse_m,m,1,0,0.2887,0,0.2887,0.2887,0.2887,0.2887,0.2887,available
flight,const4-trial5-traj1,tdoa,raw,mae_m,m,1,0,0.2205,0,0.2205,0.2205,0.2205,0.2205,0.2205,available
flight,const4-trial5-traj1,tdoa,fnn,mae_m,m,1,0,0.178,0,0.178,0.178,0.178,0.178,0.178,available
flight,const4-trial5-traj1,tdoa,cnn1,mae_m,m,1,0,0.166,0,0.166,0.166,0.166,0.166,0.166,available
flight,const4-trial5-traj1,tdoa,cnn2,mae_m,m,1,0,0.1737,0,0.1737,0.1737,0.1737,0.1737,0.1737,available
flight,const4-trial5-traj1,position,raw,rmse_m,m,1,0,0.5284,0,0.5284,0.5284,0.5284,0.5284,0.5284,available
flight,const4-trial5-traj1,position,fnn,rmse_m,m,1,0,0.3193,0,0.3193,0.3193,0.3193,0.3193,0.3193,available
flight,const4-trial5-traj1,position,cnn1,rmse_m,m,1,0,0.3343,0,0.3343,0.3343,0.3343,0.3343,0.3343,available
flight,const4-trial5-traj1,position,cnn2,rmse_m,m,1,0,0.3385,0,0.3385,0.3385,0.3385,0.3385,0.3385,available
flight,const4-trial5-traj1,position,raw,mae_m,m,0,1,NaN,NaN,NaN,NaN,NaN,NaN,NaN,unavailable
flight,const4-trial5-traj1,position,fnn,mae_m,m,0,1,NaN,NaN,NaN,NaN,NaN,NaN,NaN,unavailable
flight,const4-trial5-traj1,position,cnn1,mae_m,m,0,1,NaN,NaN,NaN,NaN,NaN,NaN,NaN,unavailable
flight,const4-trial5-traj1,position,cnn2,mae_m,m,0,1,NaN,NaN,NaN,NaN,NaN,NaN,NaN,unavailable
flight,const4-trial5-traj2,tdoa,raw,rmse_m,m,1,0,0.3672,0,0.3672,0.3672,0.3672,0.3672,0.3672,available
flight,const4-trial5-traj2,tdoa,fnn,rmse_m,m,1,0,0.3059,0,0.3059,0.3059,0.3059,0.3059,0.3059,available
flight,const4-trial5-traj2,tdoa,cnn1,rmse_m,m,1,0,0.3007,0,0.3007,0.3007,0.3007,0.3007,0.3007,available
flight,const4-trial5-traj2,tdoa,cnn2,rmse_m,m,1,0,0.3119,0,0.3119,0.3119,0.3119,0.3119,0.3119,available
flight,const4-trial5-traj2,tdoa,raw,mae_m,m,1,0,0.2168,0,0.2168,0.2168,0.2168,0.2168,0.2168,available
flight,const4-trial5-traj2,tdoa,fnn,mae_m,m,1,0,0.1878,0,0.1878,0.1878,0.1878,0.1878,0.1878,available
flight,const4-trial5-traj2,tdoa,cnn1,mae_m,m,1,0,0.1744,0,0.1744,0.1744,0.1744,0.1744,0.1744,available
flight,const4-trial5-traj2,tdoa,cnn2,mae_m,m,1,0,0.1857,0,0.1857,0.1857,0.1857,0.1857,0.1857,available
flight,const4-trial5-traj2,position,raw,rmse_m,m,1,0,0.5332,0,0.5332,0.5332,0.5332,0.5332,0.5332,available
flight,const4-trial5-traj2,position,fnn,rmse_m,m,1,0,0.3746,0,0.3746,0.3746,0.3746,0.3746,0.3746,available
flight,const4-trial5-traj2,position,cnn1,rmse_m,m,1,0,0.3892,0,0.3892,0.3892,0.3892,0.3892,0.3892,available
flight,const4-trial5-traj2,position,cnn2,rmse_m,m,1,0,0.3903,0,0.3903,0.3903,0.3903,0.3903,0.3903,available
flight,const4-trial5-traj2,position,raw,mae_m,m,0,1,NaN,NaN,NaN,NaN,NaN,NaN,NaN,unavailable
flight,const4-trial5-traj2,position,fnn,mae_m,m,0,1,NaN,NaN,NaN,NaN,NaN,NaN,NaN,unavailable
flight,const4-trial5-traj2,position,cnn1,mae_m,m,0,1,NaN,NaN,NaN,NaN,NaN,NaN,NaN,unavailable
flight,const4-trial5-traj2,position,cnn2,mae_m,m,0,1,NaN,NaN,NaN,NaN,NaN,NaN,NaN,unavailable
flight,const4-trial5-traj3,tdoa,raw,rmse_m,m,1,0,0.3185,0,0.3185,0.3185,0.3185,0.3185,0.3185,available
flight,const4-trial5-traj3,tdoa,fnn,rmse_m,m,1,0,0.2618,0,0.2618,0.2618,0.2618,0.2618,0.2618,available
flight,const4-trial5-traj3,tdoa,cnn1,rmse_m,m,1,0,0.26,0,0.26,0.26,0.26,0.26,0.26,available
flight,const4-trial5-traj3,tdoa,cnn2,rmse_m,m,1,0,0.2772,0,0.2772,0.2772,0.2772,0.2772,0.2772,available
flight,const4-trial5-traj3,tdoa,raw,mae_m,m,1,0,0.198,0,0.198,0.198,0.198,0.198,0.198,available
flight,const4-trial5-traj3,tdoa,fnn,mae_m,m,1,0,0.171,0,0.171,0.171,0.171,0.171,0.171,available
flight,const4-trial5-traj3,tdoa,cnn1,mae_m,m,1,0,0.1626,0,0.1626,0.1626,0.1626,0.1626,0.1626,available
flight,const4-trial5-traj3,tdoa,cnn2,mae_m,m,1,0,0.1695,0,0.1695,0.1695,0.1695,0.1695,0.1695,available
flight,const4-trial5-traj3,position,raw,rmse_m,m,1,0,0.4521,0,0.4521,0.4521,0.4521,0.4521,0.4521,available
flight,const4-trial5-traj3,position,fnn,rmse_m,m,1,0,0.3031,0,0.3031,0.3031,0.3031,0.3031,0.3031,available
flight,const4-trial5-traj3,position,cnn1,rmse_m,m,1,0,0.2991,0,0.2991,0.2991,0.2991,0.2991,0.2991,available
flight,const4-trial5-traj3,position,cnn2,rmse_m,m,1,0,0.3159,0,0.3159,0.3159,0.3159,0.3159,0.3159,available
flight,const4-trial5-traj3,position,raw,mae_m,m,0,1,NaN,NaN,NaN,NaN,NaN,NaN,NaN,unavailable
flight,const4-trial5-traj3,position,fnn,mae_m,m,0,1,NaN,NaN,NaN,NaN,NaN,NaN,NaN,unavailable
flight,const4-trial5-traj3,position,cnn1,mae_m,m,0,1,NaN,NaN,NaN,NaN,NaN,NaN,NaN,unavailable
flight,const4-trial5-traj3,position,cnn2,mae_m,m,0,1,NaN,NaN,NaN,NaN,NaN,NaN,NaN,unavailable
flight,const4-trial6-traj1,tdoa,raw,rmse_m,m,1,0,0.3968,0,0.3968,0.3968,0.3968,0.3968,0.3968,available
flight,const4-trial6-traj1,tdoa,fnn,rmse_m,m,1,0,0.2938,0,0.2938,0.2938,0.2938,0.2938,0.2938,available
flight,const4-trial6-traj1,tdoa,cnn1,rmse_m,m,1,0,0.2933,0,0.2933,0.2933,0.2933,0.2933,0.2933,available
flight,const4-trial6-traj1,tdoa,cnn2,rmse_m,m,1,0,0.3,0,0.3,0.3,0.3,0.3,0.3,available
flight,const4-trial6-traj1,tdoa,raw,mae_m,m,1,0,0.2659,0,0.2659,0.2659,0.2659,0.2659,0.2659,available
flight,const4-trial6-traj1,tdoa,fnn,mae_m,m,1,0,0.198,0,0.198,0.198,0.198,0.198,0.198,available
flight,const4-trial6-traj1,tdoa,cnn1,mae_m,m,1,0,0.1919,0,0.1919,0.1919,0.1919,0.1919,0.1919,available
flight,const4-trial6-traj1,tdoa,cnn2,mae_m,m,1,0,0.1985,0,0.1985,0.1985,0.1985,0.1985,0.1985,available
flight,const4-trial6-traj1,position,raw,rmse_m,m,1,0,0.5498,0,0.5498,0.5498,0.5498,0.5498,0.5498,available
flight,const4-trial6-traj1,position,fnn,rmse_m,m,1,0,0.3202,0,0.3202,0.3202,0.3202,0.3202,0.3202,available
flight,const4-trial6-traj1,position,cnn1,rmse_m,m,1,0,0.3228,0,0.3228,0.3228,0.3228,0.3228,0.3228,available
flight,const4-trial6-traj1,position,cnn2,rmse_m,m,1,0,0.3313,0,0.3313,0.3313,0.3313,0.3313,0.3313,available
flight,const4-trial6-traj1,position,raw,mae_m,m,0,1,NaN,NaN,NaN,NaN,NaN,NaN,NaN,unavailable
flight,const4-trial6-traj1,position,fnn,mae_m,m,0,1,NaN,NaN,NaN,NaN,NaN,NaN,NaN,unavailable
flight,const4-trial6-traj1,position,cnn1,mae_m,m,0,1,NaN,NaN,NaN,NaN,NaN,NaN,NaN,unavailable
flight,const4-trial6-traj1,position,cnn2,mae_m,m,0,1,NaN,NaN,NaN,NaN,NaN,NaN,NaN,unavailable
flight,const4-trial6-traj2,tdoa,raw,rmse_m,m,1,0,0.3719,0,0.3719,0.3719,0.3719,0.3719,0.3719,available
flight,const4-trial6-traj2,tdoa,fnn,rmse_m,m,1,0,0.2921,0,0.2921,0.2921,0.2921,0.2921,0.2921,available
flight,const4-trial6-traj2,tdoa,cnn1,rmse_m,m,1,0,0.2841,0,0.2841,0.2841,0.2841,0.2841,0.2841,available
flight,const4-trial6-traj2,tdoa,cnn2,rmse_m,m,1,0,0.2988,0,0.2988,0.2988,0.2988,0.2988,0.2988,available
flight,const4-trial6-traj2,tdoa,raw,mae_m,m,1,0,0.2447,0,0.2447,0.2447,0.2447,0.2447,0.2447,available
flight,const4-trial6-traj2,tdoa,fnn,mae_m,m,1,0,0.1973,0,0.1973,0.1973,0.1973,0.1973,0.1973,available
flight,const4-trial6-traj2,tdoa,cnn1,mae_m,m,1,0,0.1881,0,0.1881,0.1881,0.1881,0.1881,0.1881,available
flight,const4-trial6-traj2,tdoa,cnn2,mae_m,m,1,0,0.198,0,0.198,0.198,0.198,0.198,0.198,available
flight,const4-trial6-traj2,position,raw,rmse_m,m,1,0,0.5291,0,0.5291,0.5291,0.5291,0.5291,0.5291,available
flight,const4-trial6-traj2,position,fnn,rmse_m,m,1,0,0.4758,0,0.4758,0.4758,0.4758,0.4758,0.4758,available
flight,const4-trial6-traj2,position,cnn1,rmse_m,m,1,0,0.3616,0,0.3616,0.3616,0.3616,0.3616,0.3616,available
flight,const4-trial6-traj2,position,cnn2,rmse_m,m,1,0,0.408,0,0.408,0.408,0.408,0.408,0.408,available
flight,const4-trial6-traj2,position,raw,mae_m,m,0,1,NaN,NaN,NaN,NaN,NaN,NaN,NaN,unavailable
flight,const4-trial6-traj2,position,fnn,mae_m,m,0,1,NaN,NaN,NaN,NaN,NaN,NaN,NaN,unavailable
flight,const4-trial6-traj2,position,cnn1,mae_m,m,0,1,NaN,NaN,NaN,NaN,NaN,NaN,NaN,unavailable
flight,const4-trial6-traj2,position,cnn2,mae_m,m,0,1,NaN,NaN,NaN,NaN,NaN,NaN,NaN,unavailable
flight,const4-trial6-traj3,tdoa,raw,rmse_m,m,1,0,0.3953,0,0.3953,0.3953,0.3953,0.3953,0.3953,available
flight,const4-trial6-traj3,tdoa,fnn,rmse_m,m,1,0,0.3099,0,0.3099,0.3099,0.3099,0.3099,0.3099,available
flight,const4-trial6-traj3,tdoa,cnn1,rmse_m,m,1,0,0.3035,0,0.3035,0.3035,0.3035,0.3035,0.3035,available
flight,const4-trial6-traj3,tdoa,cnn2,rmse_m,m,1,0,0.3127,0,0.3127,0.3127,0.3127,0.3127,0.3127,available
flight,const4-trial6-traj3,tdoa,raw,mae_m,m,1,0,0.2625,0,0.2625,0.2625,0.2625,0.2625,0.2625,available
flight,const4-trial6-traj3,tdoa,fnn,mae_m,m,1,0,0.2028,0,0.2028,0.2028,0.2028,0.2028,0.2028,available
flight,const4-trial6-traj3,tdoa,cnn1,mae_m,m,1,0,0.1913,0,0.1913,0.1913,0.1913,0.1913,0.1913,available
flight,const4-trial6-traj3,tdoa,cnn2,mae_m,m,1,0,0.1991,0,0.1991,0.1991,0.1991,0.1991,0.1991,available
flight,const4-trial6-traj3,position,raw,rmse_m,m,1,0,0.5385,0,0.5385,0.5385,0.5385,0.5385,0.5385,available
flight,const4-trial6-traj3,position,fnn,rmse_m,m,1,0,0.3147,0,0.3147,0.3147,0.3147,0.3147,0.3147,available
flight,const4-trial6-traj3,position,cnn1,rmse_m,m,1,0,0.3216,0,0.3216,0.3216,0.3216,0.3216,0.3216,available
flight,const4-trial6-traj3,position,cnn2,rmse_m,m,1,0,0.3134,0,0.3134,0.3134,0.3134,0.3134,0.3134,available
flight,const4-trial6-traj3,position,raw,mae_m,m,0,1,NaN,NaN,NaN,NaN,NaN,NaN,NaN,unavailable
flight,const4-trial6-traj3,position,fnn,mae_m,m,0,1,NaN,NaN,NaN,NaN,NaN,NaN,NaN,unavailable
flight,const4-trial6-traj3,position,cnn1,mae_m,m,0,1,NaN,NaN,NaN,NaN,NaN,NaN,NaN,unavailable
flight,const4-trial6-traj3,position,cnn2,mae_m,m,0,1,NaN,NaN,NaN,NaN,NaN,NaN,NaN,unavailable
flight,const4-trial7-manula1,tdoa,raw,rmse_m,m,1,0,0.4804,0,0.4804,0.4804,0.4804,0.4804,0.4804,available
flight,const4-trial7-manula1,tdoa,fnn,rmse_m,m,1,0,0.3701,0,0.3701,0.3701,0.3701,0.3701,0.3701,available
flight,const4-trial7-manula1,tdoa,cnn1,rmse_m,m,1,0,0.3619,0,0.3619,0.3619,0.3619,0.3619,0.3619,available
flight,const4-trial7-manula1,tdoa,cnn2,rmse_m,m,1,0,0.3776,0,0.3776,0.3776,0.3776,0.3776,0.3776,available
flight,const4-trial7-manula1,tdoa,raw,mae_m,m,1,0,0.2453,0,0.2453,0.2453,0.2453,0.2453,0.2453,available
flight,const4-trial7-manula1,tdoa,fnn,mae_m,m,1,0,0.2337,0,0.2337,0.2337,0.2337,0.2337,0.2337,available
flight,const4-trial7-manula1,tdoa,cnn1,mae_m,m,1,0,0.2131,0,0.2131,0.2131,0.2131,0.2131,0.2131,available
flight,const4-trial7-manula1,tdoa,cnn2,mae_m,m,1,0,0.244,0,0.244,0.244,0.244,0.244,0.244,available
flight,const4-trial7-manula1,position,raw,rmse_m,m,1,0,0.4725,0,0.4725,0.4725,0.4725,0.4725,0.4725,available
flight,const4-trial7-manula1,position,fnn,rmse_m,m,1,0,0.2794,0,0.2794,0.2794,0.2794,0.2794,0.2794,available
flight,const4-trial7-manula1,position,cnn1,rmse_m,m,1,0,0.3827,0,0.3827,0.3827,0.3827,0.3827,0.3827,available
flight,const4-trial7-manula1,position,cnn2,rmse_m,m,1,0,0.3619,0,0.3619,0.3619,0.3619,0.3619,0.3619,available
flight,const4-trial7-manula1,position,raw,mae_m,m,0,1,NaN,NaN,NaN,NaN,NaN,NaN,NaN,unavailable
flight,const4-trial7-manula1,position,fnn,mae_m,m,0,1,NaN,NaN,NaN,NaN,NaN,NaN,NaN,unavailable
flight,const4-trial7-manula1,position,cnn1,mae_m,m,0,1,NaN,NaN,NaN,NaN,NaN,NaN,NaN,unavailable
flight,const4-trial7-manula1,position,cnn2,mae_m,m,0,1,NaN,NaN,NaN,NaN,NaN,NaN,NaN,unavailable
flight,const4-trial7-manual2,tdoa,raw,rmse_m,m,1,0,0.6003,0,0.6003,0.6003,0.6003,0.6003,0.6003,available
flight,const4-trial7-manual2,tdoa,fnn,rmse_m,m,1,0,0.4461,0,0.4461,0.4461,0.4461,0.4461,0.4461,available
flight,const4-trial7-manual2,tdoa,cnn1,rmse_m,m,1,0,0.4399,0,0.4399,0.4399,0.4399,0.4399,0.4399,available
flight,const4-trial7-manual2,tdoa,cnn2,rmse_m,m,1,0,0.4511,0,0.4511,0.4511,0.4511,0.4511,0.4511,available
flight,const4-trial7-manual2,tdoa,raw,mae_m,m,1,0,0.2874,0,0.2874,0.2874,0.2874,0.2874,0.2874,available
flight,const4-trial7-manual2,tdoa,fnn,mae_m,m,1,0,0.2715,0,0.2715,0.2715,0.2715,0.2715,0.2715,available
flight,const4-trial7-manual2,tdoa,cnn1,mae_m,m,1,0,0.2476,0,0.2476,0.2476,0.2476,0.2476,0.2476,available
flight,const4-trial7-manual2,tdoa,cnn2,mae_m,m,1,0,0.2766,0,0.2766,0.2766,0.2766,0.2766,0.2766,available
flight,const4-trial7-manual2,position,raw,rmse_m,m,1,0,0.4992,0,0.4992,0.4992,0.4992,0.4992,0.4992,available
flight,const4-trial7-manual2,position,fnn,rmse_m,m,1,0,0.3326,0,0.3326,0.3326,0.3326,0.3326,0.3326,available
flight,const4-trial7-manual2,position,cnn1,rmse_m,m,1,0,0.3564,0,0.3564,0.3564,0.3564,0.3564,0.3564,available
flight,const4-trial7-manual2,position,cnn2,rmse_m,m,1,0,0.3514,0,0.3514,0.3514,0.3514,0.3514,0.3514,available
flight,const4-trial7-manual2,position,raw,mae_m,m,0,1,NaN,NaN,NaN,NaN,NaN,NaN,NaN,unavailable
flight,const4-trial7-manual2,position,fnn,mae_m,m,0,1,NaN,NaN,NaN,NaN,NaN,NaN,NaN,unavailable
flight,const4-trial7-manual2,position,cnn1,mae_m,m,0,1,NaN,NaN,NaN,NaN,NaN,NaN,NaN,unavailable
flight,const4-trial7-manual2,position,cnn2,mae_m,m,0,1,NaN,NaN,NaN,NaN,NaN,NaN,NaN,unavailable
flight,const4-trial7-manual3,tdoa,raw,rmse_m,m,1,0,0.4053,0,0.4053,0.4053,0.4053,0.4053,0.4053,available
flight,const4-trial7-manual3,tdoa,fnn,rmse_m,m,1,0,0.3187,0,0.3187,0.3187,0.3187,0.3187,0.3187,available
flight,const4-trial7-manual3,tdoa,cnn1,rmse_m,m,1,0,0.2996,0,0.2996,0.2996,0.2996,0.2996,0.2996,available
flight,const4-trial7-manual3,tdoa,cnn2,rmse_m,m,1,0,0.3307,0,0.3307,0.3307,0.3307,0.3307,0.3307,available
flight,const4-trial7-manual3,tdoa,raw,mae_m,m,1,0,0.2174,0,0.2174,0.2174,0.2174,0.2174,0.2174,available
flight,const4-trial7-manual3,tdoa,fnn,mae_m,m,1,0,0.2157,0,0.2157,0.2157,0.2157,0.2157,0.2157,available
flight,const4-trial7-manual3,tdoa,cnn1,mae_m,m,1,0,0.1889,0,0.1889,0.1889,0.1889,0.1889,0.1889,available
flight,const4-trial7-manual3,tdoa,cnn2,mae_m,m,1,0,0.2256,0,0.2256,0.2256,0.2256,0.2256,0.2256,available
flight,const4-trial7-manual3,position,raw,rmse_m,m,1,0,0.3052,0,0.3052,0.3052,0.3052,0.3052,0.3052,available
flight,const4-trial7-manual3,position,fnn,rmse_m,m,1,0,0.2656,0,0.2656,0.2656,0.2656,0.2656,0.2656,available
flight,const4-trial7-manual3,position,cnn1,rmse_m,m,1,0,0.3269,0,0.3269,0.3269,0.3269,0.3269,0.3269,available
flight,const4-trial7-manual3,position,cnn2,rmse_m,m,1,0,0.2652,0,0.2652,0.2652,0.2652,0.2652,0.2652,available
flight,const4-trial7-manual3,position,raw,mae_m,m,0,1,NaN,NaN,NaN,NaN,NaN,NaN,NaN,unavailable
flight,const4-trial7-manual3,position,fnn,mae_m,m,0,1,NaN,NaN,NaN,NaN,NaN,NaN,NaN,unavailable
flight,const4-trial7-manual3,position,cnn1,mae_m,m,0,1,NaN,NaN,NaN,NaN,NaN,NaN,NaN,unavailable
flight,const4-trial7-manual3,position,cnn2,mae_m,m,0,1,NaN,NaN,NaN,NaN,NaN,NaN,NaN,unavailable
trial,trial1,tdoa,raw,rmse_m,m,3,0,0.333566666666667,0.280365856218858,0.1701,0.6573,0.1733,0.5605,0.6089,available
trial,trial1,tdoa,fnn,rmse_m,m,3,0,0.2065,0.0867287149679966,0.1494,0.3063,0.1638,0.2778,0.29205,available
trial,trial1,tdoa,cnn1,rmse_m,m,3,0,0.176766666666667,0.0604592700363917,0.1366,0.2463,0.1474,0.22652,0.23641,available
trial,trial1,tdoa,cnn2,rmse_m,m,3,0,0.1604,0.0127659703900644,0.1465,0.1716,0.1631,0.1699,0.17075,available
trial,trial1,tdoa,raw,mae_m,m,3,0,0.138333333333333,0.00145716619962631,0.1367,0.1395,0.1388,0.13936,0.13943,available
trial,trial1,tdoa,fnn,mae_m,m,3,0,0.120433333333333,0.00822455672564384,0.1126,0.129,0.1197,0.12714,0.12807,available
trial,trial1,tdoa,cnn1,mae_m,m,3,0,0.106066666666667,0.00562968323561223,0.1008,0.112,0.1054,0.11068,0.11134,available
trial,trial1,tdoa,cnn2,mae_m,m,3,0,0.1153,0.00697638875063596,0.108,0.1219,0.116,0.12072,0.12131,available
trial,trial1,position,raw,rmse_m,m,3,0,0.296733333333333,0.0470889937600426,0.2474,0.3412,0.3016,0.33328,0.33724,available
trial,trial1,position,fnn,rmse_m,m,3,0,0.2609,0.106611256441335,0.1499,0.3625,0.2703,0.34406,0.35328,available
trial,trial1,position,cnn1,rmse_m,m,3,0,0.186933333333333,0.066034637375648,0.1186,0.2504,0.1918,0.23868,0.24454,available
trial,trial1,position,cnn2,rmse_m,m,3,0,0.178833333333333,0.0475283424214787,0.1279,0.222,0.1866,0.21492,0.21846,available
trial,trial1,position,raw,mae_m,m,0,3,NaN,NaN,NaN,NaN,NaN,NaN,NaN,unavailable
trial,trial1,position,fnn,mae_m,m,0,3,NaN,NaN,NaN,NaN,NaN,NaN,NaN,unavailable
trial,trial1,position,cnn1,mae_m,m,0,3,NaN,NaN,NaN,NaN,NaN,NaN,NaN,unavailable
trial,trial1,position,cnn2,mae_m,m,0,3,NaN,NaN,NaN,NaN,NaN,NaN,NaN,unavailable
trial,trial2,tdoa,raw,rmse_m,m,3,0,0.1871,0.00676683086828687,0.1793,0.1914,0.1906,0.19124,0.19132,available
trial,trial2,tdoa,fnn,rmse_m,m,3,0,0.1591,0.00208806130178211,0.1577,0.1615,0.1581,0.16082,0.16116,available
trial,trial2,tdoa,cnn1,rmse_m,m,3,0,0.143,0.00336005952328228,0.1398,0.1465,0.1427,0.14574,0.14612,available
trial,trial2,tdoa,cnn2,rmse_m,m,3,0,0.155633333333333,0.00276827262626594,0.1527,0.1582,0.156,0.15776,0.15798,available
trial,trial2,tdoa,raw,mae_m,m,3,0,0.1542,0.00510979451641649,0.1483,0.1572,0.1571,0.15718,0.15719,available
trial,trial2,tdoa,fnn,mae_m,m,3,0,0.118533333333333,0.00094516312525052,0.1178,0.1196,0.1182,0.11932,0.11946,available
trial,trial2,tdoa,cnn1,mae_m,m,3,0,0.1049,0.00147309198626563,0.104,0.1066,0.1041,0.1061,0.10635,available
trial,trial2,tdoa,cnn2,mae_m,m,3,0,0.112566666666667,0.00123423390543825,0.1112,0.1136,0.1129,0.11346,0.11353,available
trial,trial2,position,raw,rmse_m,m,3,0,0.341166666666667,0.0608671777999714,0.2987,0.4109,0.3139,0.3915,0.4012,available
trial,trial2,position,fnn,rmse_m,m,3,0,0.135766666666667,0.0283605947281317,0.1044,0.1596,0.1433,0.15634,0.15797,available
trial,trial2,position,cnn1,rmse_m,m,3,0,0.1505,0.0429884868307783,0.1086,0.1945,0.1484,0.18528,0.18989,available
trial,trial2,position,cnn2,rmse_m,m,3,0,0.129333333333333,0.0251933192202483,0.1007,0.1481,0.1392,0.14632,0.14721,available
trial,trial2,position,raw,mae_m,m,0,3,NaN,NaN,NaN,NaN,NaN,NaN,NaN,unavailable
trial,trial2,position,fnn,mae_m,m,0,3,NaN,NaN,NaN,NaN,NaN,NaN,NaN,unavailable
trial,trial2,position,cnn1,mae_m,m,0,3,NaN,NaN,NaN,NaN,NaN,NaN,NaN,unavailable
trial,trial2,position,cnn2,mae_m,m,0,3,NaN,NaN,NaN,NaN,NaN,NaN,NaN,unavailable
trial,trial3,tdoa,raw,rmse_m,m,3,0,0.514633333333333,0.0818817643516146,0.4541,0.6078,0.482,0.58264,0.59522,available
trial,trial3,tdoa,fnn,rmse_m,m,3,0,0.373233333333333,0.0377338486419466,0.3509,0.4168,0.352,0.40384,0.41032,available
trial,trial3,tdoa,cnn1,rmse_m,m,3,0,0.372033333333333,0.0335070639318537,0.3492,0.4105,0.3564,0.39968,0.40509,available
trial,trial3,tdoa,cnn2,rmse_m,m,3,0,0.3833,0.0389554874183343,0.3585,0.4282,0.3632,0.4152,0.4217,available
trial,trial3,tdoa,raw,mae_m,m,3,0,0.284733333333333,0.0412359471012045,0.2536,0.3315,0.2691,0.31902,0.32526,available
trial,trial3,tdoa,fnn,mae_m,m,3,0,0.211566666666667,0.0213050072361718,0.195,0.2356,0.2041,0.2293,0.23245,available
trial,trial3,tdoa,cnn1,mae_m,m,3,0,0.197533333333333,0.0181825007447637,0.1861,0.2185,0.188,0.2124,0.21545,available
trial,trial3,tdoa,cnn2,mae_m,m,3,0,0.210066666666667,0.0197495147619716,0.1953,0.2325,0.2024,0.22648,0.22949,available
trial,trial3,position,raw,rmse_m,m,3,0,0.644266666666667,0.0170341813226622,0.6325,0.6638,0.6365,0.65834,0.66107,available
trial,trial3,position,fnn,rmse_m,m,3,0,0.458733333333333,0.0100430738986295,0.4515,0.4702,0.4545,0.46706,0.46863,available
trial,trial3,position,cnn1,rmse_m,m,3,0,0.407566666666667,0.00600444279957211,0.4017,0.4137,0.4073,0.41242,0.41306,available
trial,trial3,position,cnn2,rmse_m,m,3,0,0.4574,0.00346554469023268,0.4553,0.4614,0.4555,0.46022,0.46081,available
trial,trial3,position,raw,mae_m,m,0,3,NaN,NaN,NaN,NaN,NaN,NaN,NaN,unavailable
trial,trial3,position,fnn,mae_m,m,0,3,NaN,NaN,NaN,NaN,NaN,NaN,NaN,unavailable
trial,trial3,position,cnn1,mae_m,m,0,3,NaN,NaN,NaN,NaN,NaN,NaN,NaN,unavailable
trial,trial3,position,cnn2,mae_m,m,0,3,NaN,NaN,NaN,NaN,NaN,NaN,NaN,unavailable
trial,trial4,tdoa,raw,rmse_m,m,3,0,0.480433333333333,0.0144070584552619,0.4638,0.489,0.4885,0.4889,0.48895,available
trial,trial4,tdoa,fnn,rmse_m,m,3,0,0.352866666666667,0.00425949918808928,0.3481,0.3563,0.3542,0.35588,0.35609,available
trial,trial4,tdoa,cnn1,rmse_m,m,3,0,0.347566666666667,0.00544273215704517,0.3414,0.3517,0.3496,0.35128,0.35149,available
trial,trial4,tdoa,cnn2,rmse_m,m,3,0,0.358933333333333,0.00441172679722276,0.354,0.3625,0.3603,0.36206,0.36228,available
trial,trial4,tdoa,raw,mae_m,m,3,0,0.303133333333333,0.0121993169207679,0.2926,0.3165,0.3003,0.31326,0.31488,available
trial,trial4,tdoa,fnn,mae_m,m,3,0,0.214766666666667,0.00411379792081884,0.2103,0.2184,0.2156,0.21784,0.21812,available
trial,trial4,tdoa,cnn1,mae_m,m,3,0,0.2052,0.00460325971459355,0.2005,0.2097,0.2054,0.20884,0.20927,available
trial,trial4,tdoa,cnn2,mae_m,m,3,0,0.2146,0.00476235235991627,0.2092,0.2182,0.2164,0.21784,0.21802,available
trial,trial4,position,raw,rmse_m,m,3,0,0.765866666666667,0.10531440230725,0.6734,0.8805,0.7437,0.85314,0.86682,available
trial,trial4,position,fnn,rmse_m,m,3,0,0.499266666666667,0.0414498894248625,0.46,0.5426,0.4952,0.53312,0.53786,available
trial,trial4,position,cnn1,rmse_m,m,3,0,0.497866666666667,0.0460323074952075,0.4494,0.541,0.5032,0.53344,0.53722,available
trial,trial4,position,cnn2,rmse_m,m,3,0,0.513966666666667,0.0419149535766572,0.4696,0.5529,0.5194,0.5462,0.54955,available
trial,trial4,position,raw,mae_m,m,0,3,NaN,NaN,NaN,NaN,NaN,NaN,NaN,unavailable
trial,trial4,position,fnn,mae_m,m,0,3,NaN,NaN,NaN,NaN,NaN,NaN,NaN,unavailable
trial,trial4,position,cnn1,mae_m,m,0,3,NaN,NaN,NaN,NaN,NaN,NaN,NaN,unavailable
trial,trial4,position,cnn2,mae_m,m,0,3,NaN,NaN,NaN,NaN,NaN,NaN,NaN,unavailable
trial,trial5,tdoa,raw,rmse_m,m,3,0,0.346033333333333,0.0249664441467609,0.3185,0.3672,0.3524,0.36424,0.36572,available
trial,trial5,tdoa,fnn,rmse_m,m,3,0,0.283666666666667,0.0220522863516084,0.2618,0.3059,0.2833,0.30138,0.30364,available
trial,trial5,tdoa,cnn1,rmse_m,m,3,0,0.2808,0.0203649208198805,0.26,0.3007,0.2817,0.2969,0.2988,available
trial,trial5,tdoa,cnn2,rmse_m,m,3,0,0.2926,0.0176756895197896,0.2772,0.3119,0.2887,0.30726,0.30958,available
trial,trial5,tdoa,raw,mae_m,m,3,0,0.211766666666667,0.0120649630473256,0.198,0.2205,0.2168,0.21976,0.22013,available
trial,trial5,tdoa,fnn,mae_m,m,3,0,0.178933333333333,0.00843879928267838,0.171,0.1878,0.178,0.18584,0.18682,available
trial,trial5,tdoa,cnn1,mae_m,m,3,0,0.167666666666667,0.00607398825594299,0.1626,0.1744,0.166,0.17272,0.17356,available
trial,trial5,tdoa,cnn2,mae_m,m,3,0,0.1763,0.00840713982279348,0.1695,0.1857,0.1737,0.1833,0.1845,available
trial,trial5,position,raw,rmse_m,m,3,0,0.504566666666667,0.0455008058536696,0.4521,0.5332,0.5284,0.53224,0.53272,available
trial,trial5,position,fnn,rmse_m,m,3,0,0.332333333333333,0.0374895096438101,0.3031,0.3746,0.3193,0.36354,0.36907,available
trial,trial5,position,cnn1,rmse_m,m,3,0,0.340866666666667,0.0454075250738612,0.2991,0.3892,0.3343,0.37822,0.38371,available
trial,trial5,position,cnn2,rmse_m,m,3,0,0.348233333333333,0.0381430640265479,0.3159,0.3903,0.3385,0.37994,0.38512,available
trial,trial5,position,raw,mae_m,m,0,3,NaN,NaN,NaN,NaN,NaN,NaN,NaN,unavailable
trial,trial5,position,fnn,mae_m,m,0,3,NaN,NaN,NaN,NaN,NaN,NaN,NaN,unavailable
trial,trial5,position,cnn1,mae_m,m,0,3,NaN,NaN,NaN,NaN,NaN,NaN,NaN,unavailable
trial,trial5,position,cnn2,mae_m,m,0,3,NaN,NaN,NaN,NaN,NaN,NaN,NaN,unavailable
trial,trial6,tdoa,raw,rmse_m,m,3,0,0.388,0.0139631658301404,0.3719,0.3968,0.3953,0.3965,0.39665,available
trial,trial6,tdoa,fnn,rmse_m,m,3,0,0.2986,0.00982293235240882,0.2921,0.3099,0.2938,0.30668,0.30829,available
trial,trial6,tdoa,cnn1,rmse_m,m,3,0,0.293633333333333,0.00970429458195355,0.2841,0.3035,0.2933,0.30146,0.30248,available
trial,trial6,tdoa,cnn2,rmse_m,m,3,0,0.303833333333333,0.00770216419802468,0.2988,0.3127,0.3,0.31016,0.31143,available
trial,trial6,tdoa,raw,mae_m,m,3,0,0.2577,0.0113859562619922,0.2447,0.2659,0.2625,0.26522,0.26556,available
trial,trial6,tdoa,fnn,mae_m,m,3,0,0.199366666666667,0.00299388265189759,0.1973,0.2028,0.198,0.20184,0.20232,available
trial,trial6,tdoa,cnn1,mae_m,m,3,0,0.190433333333333,0.00204287379280594,0.1881,0.1919,0.1913,0.19178,0.19184,available
trial,trial6,tdoa,cnn2,mae_m,m,3,0,0.198533333333333,0.000550757054728605,0.198,0.1991,0.1985,0.19898,0.19904,available
trial,trial6,position,raw,rmse_m,m,3,0,0.539133333333333,0.0103645228222689,0.5291,0.5498,0.5385,0.54754,0.54867,available
trial,trial6,position,fnn,rmse_m,m,3,0,0.370233333333333,0.0914647655293192,0.3147,0.4758,0.3202,0.44468,0.46024,available
trial,trial6,position,cnn1,rmse_m,m,3,0,0.335333333333333,0.0227555121527364,0.3216,0.3616,0.3228,0.35384,0.35772,available
trial,trial6,position,cnn2,rmse_m,m,3,0,0.3509,0.0502534575924881,0.3134,0.408,0.3313,0.39266,0.40033,available
trial,trial6,position,raw,mae_m,m,0,3,NaN,NaN,NaN,NaN,NaN,NaN,NaN,unavailable
trial,trial6,position,fnn,mae_m,m,0,3,NaN,NaN,NaN,NaN,NaN,NaN,NaN,unavailable
trial,trial6,position,cnn1,mae_m,m,0,3,NaN,NaN,NaN,NaN,NaN,NaN,NaN,unavailable
trial,trial6,position,cnn2,mae_m,m,0,3,NaN,NaN,NaN,NaN,NaN,NaN,NaN,unavailable
trial,trial7,tdoa,raw,rmse_m,m,3,0,0.495333333333333,0.0983539695860484,0.4053,0.6003,0.4804,0.57632,0.58831,available
trial,trial7,tdoa,fnn,rmse_m,m,3,0,0.3783,0.0640946175587311,0.3187,0.4461,0.3701,0.4309,0.4385,available
trial,trial7,tdoa,cnn1,rmse_m,m,3,0,0.367133333333333,0.0702962540490838,0.2996,0.4399,0.3619,0.4243,0.4321,available
trial,trial7,tdoa,cnn2,rmse_m,m,3,0,0.386466666666667,0.0606877527457833,0.3307,0.4511,0.3776,0.4364,0.44375,available
trial,trial7,tdoa,raw,mae_m,m,3,0,0.250033333333333,0.0352392300332078,0.2174,0.2874,0.2453,0.27898,0.28319,available
trial,trial7,tdoa,fnn,mae_m,m,3,0,0.2403,0.028479466287134,0.2157,0.2715,0.2337,0.26394,0.26772,available
trial,trial7,tdoa,cnn1,mae_m,m,3,0,0.216533333333333,0.029500225987835,0.1889,0.2476,0.2131,0.2407,0.24415,available
trial,trial7,tdoa,cnn2,mae_m,m,3,0,0.248733333333333,0.0258273756571072,0.2256,0.2766,0.244,0.27008,0.27334,available
trial,trial7,position,raw,rmse_m,m,3,0,0.425633333333333,0.10514924314199,0.3052,0.4992,0.4725,0.49386,0.49653,available
trial,trial7,position,fnn,rmse_m,m,3,0,0.292533333333333,0.0353781476809249,0.2656,0.3326,0.2794,0.32196,0.32728,available
trial,trial7,position,cnn1,rmse_m,m,3,0,0.355333333333333,0.027915288523197,0.3269,0.3827,0.3564,0.37744,0.38007,available
trial,trial7,position,cnn2,rmse_m,m,3,0,0.326166666666667,0.0530590551492705,0.2652,0.3619,0.3514,0.3598,0.36085,available
trial,trial7,position,raw,mae_m,m,0,3,NaN,NaN,NaN,NaN,NaN,NaN,NaN,unavailable
trial,trial7,position,fnn,mae_m,m,0,3,NaN,NaN,NaN,NaN,NaN,NaN,NaN,unavailable
trial,trial7,position,cnn1,mae_m,m,0,3,NaN,NaN,NaN,NaN,NaN,NaN,NaN,unavailable
trial,trial7,position,cnn2,mae_m,m,0,3,NaN,NaN,NaN,NaN,NaN,NaN,NaN,unavailable
trajectory,traj1,tdoa,raw,rmse_m,m,6,0,0.367916666666667,0.169451921401519,0.1701,0.6078,0.3746,0.5484,0.5781,available
trajectory,traj1,tdoa,fnn,rmse_m,m,6,0,0.274916666666667,0.105179948976346,0.1494,0.4168,0.28855,0.38245,0.399625,available
trajectory,traj1,tdoa,cnn1,rmse_m,m,6,0,0.267216666666667,0.109744346855165,0.1366,0.4105,0.2875,0.37595,0.393225,available
trajectory,traj1,tdoa,cnn2,rmse_m,m,6,0,0.27835,0.11128893475993,0.1465,0.4282,0.29435,0.3911,0.40965,available
trajectory,traj1,tdoa,raw,mae_m,m,6,0,0.238516666666667,0.0802725959880872,0.1395,0.3315,0.2432,0.324,0.32775,available
trajectory,traj1,tdoa,fnn,mae_m,m,6,0,0.177033333333333,0.051052979018532,0.1126,0.2356,0.188,0.227,0.2313,available
trajectory,traj1,tdoa,cnn1,mae_m,m,6,0,0.16515,0.0518217232442149,0.1008,0.2185,0.17895,0.2141,0.2163,available
trajectory,traj1,tdoa,cnn2,mae_m,m,6,0,0.173683333333333,0.0534330765225686,0.108,0.2325,0.1861,0.22535,0.228925,available
trajectory,traj1,position,raw,rmse_m,m,6,0,0.557883333333333,0.189606154084372,0.3412,0.8805,0.5391,0.7585,0.8195,available
trajectory,traj1,position,fnn,rmse_m,m,6,0,0.32425,0.162579122275894,0.1433,0.5426,0.31975,0.5064,0.5245,available
trajectory,traj1,position,cnn1,rmse_m,m,6,0,0.320816666666667,0.151090190504436,0.1186,0.541,0.32855,0.47735,0.509175,available
trajectory,traj1,position,cnn2,rmse_m,m,6,0,0.326683333333333,0.167863235005962,0.1279,0.5529,0.3349,0.50715,0.530025,available
trajectory,traj1,position,raw,mae_m,m,0,6,NaN,NaN,NaN,NaN,NaN,NaN,NaN,unavailable
trajectory,traj1,position,fnn,mae_m,m,0,6,NaN,NaN,NaN,NaN,NaN,NaN,NaN,unavailable
trajectory,traj1,position,cnn1,mae_m,m,0,6,NaN,NaN,NaN,NaN,NaN,NaN,NaN,unavailable
trajectory,traj1,position,cnn2,mae_m,m,0,6,NaN,NaN,NaN,NaN,NaN,NaN,NaN,unavailable
trajectory,traj2,tdoa,raw,rmse_m,m,6,0,0.424366666666667,0.159856856802161,0.1793,0.6573,0.42695,0.5729,0.6151,available
trajectory,traj2,tdoa,fnn,rmse_m,m,6,0,0.294516666666667,0.0717415477019186,0.1577,0.3542,0.3061,0.35255,0.353375,available
trajectory,traj2,tdoa,cnn1,rmse_m,m,6,0,0.278766666666667,0.0775318687164618,0.1427,0.3496,0.2924,0.3494,0.3495,available
trajectory,traj2,tdoa,cnn2,rmse_m,m,6,0,0.276183333333333,0.090576540377002,0.156,0.3603,0.30535,0.3594,0.35985,available
trajectory,traj2,tdoa,raw,mae_m,m,6,0,0.219316666666667,0.0656600461975673,0.1367,0.3003,0.23075,0.2847,0.2925,available
trajectory,traj2,tdoa,fnn,mae_m,m,6,0,0.175333333333333,0.0412258980092207,0.1182,0.2156,0.19255,0.20985,0.212725,available
trajectory,traj2,tdoa,cnn1,mae_m,m,6,0,0.162,0.0430045113912482,0.1041,0.2054,0.1812,0.19675,0.201075,available
trajectory,traj2,tdoa,cnn2,mae_m,m,6,0,0.173,0.0439858613647613,0.1136,0.2164,0.19185,0.2094,0.2129,available
trajectory,traj2,position,raw,rmse_m,m,6,0,0.48825,0.171571824609987,0.2474,0.6734,0.53115,0.65295,0.663175,available
trajectory,traj2,position,fnn,rmse_m,m,6,0,0.371966666666667,0.13930646311879,0.1044,0.4758,0.41455,0.4679,0.47185,available
trajectory,traj2,position,cnn1,rmse_m,m,6,0,0.326816666666667,0.125852110298821,0.1086,0.4494,0.3754,0.42555,0.437475,available
trajectory,traj2,position,cnn2,rmse_m,m,6,0,0.341016666666667,0.147290724985203,0.1007,0.4696,0.39915,0.46255,0.466075,available
trajectory,traj2,position,raw,mae_m,m,0,6,NaN,NaN,NaN,NaN,NaN,NaN,NaN,unavailable
trajectory,traj2,position,fnn,mae_m,m,0,6,NaN,NaN,NaN,NaN,NaN,NaN,NaN,unavailable
trajectory,traj2,position,cnn1,mae_m,m,0,6,NaN,NaN,NaN,NaN,NaN,NaN,NaN,unavailable
trajectory,traj2,position,cnn2,mae_m,m,0,6,NaN,NaN,NaN,NaN,NaN,NaN,NaN,unavailable
trajectory,traj3,tdoa,raw,rmse_m,m,6,0,0.3326,0.127785977321457,0.1733,0.4638,0.3569,0.45895,0.461375,available
trajectory,traj3,tdoa,fnn,rmse_m,m,6,0,0.26755,0.0881426287332072,0.1615,0.3563,0.28585,0.35415,0.355225,available
trajectory,traj3,tdoa,cnn1,rmse_m,m,6,0,0.260916666666667,0.0950263840555173,0.1465,0.3564,0.28175,0.35405,0.355225,available
trajectory,traj3,tdoa,cnn2,rmse_m,m,6,0,0.272816666666667,0.092732807930455,0.1582,0.3632,0.29495,0.36285,0.363025,available
trajectory,traj3,tdoa,raw,mae_m,m,6,0,0.2171,0.0619505609336994,0.1388,0.2926,0.2258,0.27755,0.285075,available
trajectory,traj3,tdoa,fnn,mae_m,m,6,0,0.169433333333333,0.0414220553167834,0.1178,0.2103,0.183,0.20655,0.208425,available
trajectory,traj3,tdoa,cnn1,mae_m,m,6,0,0.15875,0.0427346580657901,0.1054,0.2005,0.17435,0.1959,0.1982,available
trajectory,traj3,tdoa,cnn2,mae_m,m,6,0,0.167,0.042769615382886,0.1129,0.2092,0.1824,0.20415,0.206675,available
trajectory,traj3,position,raw,rmse_m,m,6,0,0.499733333333333,0.184326131263765,0.2987,0.7437,0.4953,0.70375,0.723725,available
trajectory,traj3,position,fnn,rmse_m,m,6,0,0.3324,0.12294444273736,0.1596,0.4952,0.3089,0.47335,0.484275,available
trajectory,traj3,position,cnn1,rmse_m,m,6,0,0.3119,0.131993211946675,0.1484,0.5032,0.31035,0.45525,0.479225,available
trajectory,traj3,position,cnn2,rmse_m,m,6,0,0.321633333333333,0.14737368376568,0.1392,0.5194,0.31465,0.48735,0.503375,available
trajectory,traj3,position,raw,mae_m,m,0,6,NaN,NaN,NaN,NaN,NaN,NaN,NaN,unavailable
trajectory,traj3,position,fnn,mae_m,m,0,6,NaN,NaN,NaN,NaN,NaN,NaN,NaN,unavailable
trajectory,traj3,position,cnn1,mae_m,m,0,6,NaN,NaN,NaN,NaN,NaN,NaN,NaN,unavailable
trajectory,traj3,position,cnn2,mae_m,m,0,6,NaN,NaN,NaN,NaN,NaN,NaN,NaN,unavailable
trajectory,manula1,tdoa,raw,rmse_m,m,1,0,0.4804,0,0.4804,0.4804,0.4804,0.4804,0.4804,available
trajectory,manula1,tdoa,fnn,rmse_m,m,1,0,0.3701,0,0.3701,0.3701,0.3701,0.3701,0.3701,available
trajectory,manula1,tdoa,cnn1,rmse_m,m,1,0,0.3619,0,0.3619,0.3619,0.3619,0.3619,0.3619,available
trajectory,manula1,tdoa,cnn2,rmse_m,m,1,0,0.3776,0,0.3776,0.3776,0.3776,0.3776,0.3776,available
trajectory,manula1,tdoa,raw,mae_m,m,1,0,0.2453,0,0.2453,0.2453,0.2453,0.2453,0.2453,available
trajectory,manula1,tdoa,fnn,mae_m,m,1,0,0.2337,0,0.2337,0.2337,0.2337,0.2337,0.2337,available
trajectory,manula1,tdoa,cnn1,mae_m,m,1,0,0.2131,0,0.2131,0.2131,0.2131,0.2131,0.2131,available
trajectory,manula1,tdoa,cnn2,mae_m,m,1,0,0.244,0,0.244,0.244,0.244,0.244,0.244,available
trajectory,manula1,position,raw,rmse_m,m,1,0,0.4725,0,0.4725,0.4725,0.4725,0.4725,0.4725,available
trajectory,manula1,position,fnn,rmse_m,m,1,0,0.2794,0,0.2794,0.2794,0.2794,0.2794,0.2794,available
trajectory,manula1,position,cnn1,rmse_m,m,1,0,0.3827,0,0.3827,0.3827,0.3827,0.3827,0.3827,available
trajectory,manula1,position,cnn2,rmse_m,m,1,0,0.3619,0,0.3619,0.3619,0.3619,0.3619,0.3619,available
trajectory,manula1,position,raw,mae_m,m,0,1,NaN,NaN,NaN,NaN,NaN,NaN,NaN,unavailable
trajectory,manula1,position,fnn,mae_m,m,0,1,NaN,NaN,NaN,NaN,NaN,NaN,NaN,unavailable
trajectory,manula1,position,cnn1,mae_m,m,0,1,NaN,NaN,NaN,NaN,NaN,NaN,NaN,unavailable
trajectory,manula1,position,cnn2,mae_m,m,0,1,NaN,NaN,NaN,NaN,NaN,NaN,NaN,unavailable
trajectory,manual2,tdoa,raw,rmse_m,m,1,0,0.6003,0,0.6003,0.6003,0.6003,0.6003,0.6003,available
trajectory,manual2,tdoa,fnn,rmse_m,m,1,0,0.4461,0,0.4461,0.4461,0.4461,0.4461,0.4461,available
trajectory,manual2,tdoa,cnn1,rmse_m,m,1,0,0.4399,0,0.4399,0.4399,0.4399,0.4399,0.4399,available
trajectory,manual2,tdoa,cnn2,rmse_m,m,1,0,0.4511,0,0.4511,0.4511,0.4511,0.4511,0.4511,available
trajectory,manual2,tdoa,raw,mae_m,m,1,0,0.2874,0,0.2874,0.2874,0.2874,0.2874,0.2874,available
trajectory,manual2,tdoa,fnn,mae_m,m,1,0,0.2715,0,0.2715,0.2715,0.2715,0.2715,0.2715,available
trajectory,manual2,tdoa,cnn1,mae_m,m,1,0,0.2476,0,0.2476,0.2476,0.2476,0.2476,0.2476,available
trajectory,manual2,tdoa,cnn2,mae_m,m,1,0,0.2766,0,0.2766,0.2766,0.2766,0.2766,0.2766,available
trajectory,manual2,position,raw,rmse_m,m,1,0,0.4992,0,0.4992,0.4992,0.4992,0.4992,0.4992,available
trajectory,manual2,position,fnn,rmse_m,m,1,0,0.3326,0,0.3326,0.3326,0.3326,0.3326,0.3326,available
trajectory,manual2,position,cnn1,rmse_m,m,1,0,0.3564,0,0.3564,0.3564,0.3564,0.3564,0.3564,available
trajectory,manual2,position,cnn2,rmse_m,m,1,0,0.3514,0,0.3514,0.3514,0.3514,0.3514,0.3514,available
trajectory,manual2,position,raw,mae_m,m,0,1,NaN,NaN,NaN,NaN,NaN,NaN,NaN,unavailable
trajectory,manual2,position,fnn,mae_m,m,0,1,NaN,NaN,NaN,NaN,NaN,NaN,NaN,unavailable
trajectory,manual2,position,cnn1,mae_m,m,0,1,NaN,NaN,NaN,NaN,NaN,NaN,NaN,unavailable
trajectory,manual2,position,cnn2,mae_m,m,0,1,NaN,NaN,NaN,NaN,NaN,NaN,NaN,unavailable
trajectory,manual3,tdoa,raw,rmse_m,m,1,0,0.4053,0,0.4053,0.4053,0.4053,0.4053,0.4053,available
trajectory,manual3,tdoa,fnn,rmse_m,m,1,0,0.3187,0,0.3187,0.3187,0.3187,0.3187,0.3187,available
trajectory,manual3,tdoa,cnn1,rmse_m,m,1,0,0.2996,0,0.2996,0.2996,0.2996,0.2996,0.2996,available
trajectory,manual3,tdoa,cnn2,rmse_m,m,1,0,0.3307,0,0.3307,0.3307,0.3307,0.3307,0.3307,available
trajectory,manual3,tdoa,raw,mae_m,m,1,0,0.2174,0,0.2174,0.2174,0.2174,0.2174,0.2174,available
trajectory,manual3,tdoa,fnn,mae_m,m,1,0,0.2157,0,0.2157,0.2157,0.2157,0.2157,0.2157,available
trajectory,manual3,tdoa,cnn1,mae_m,m,1,0,0.1889,0,0.1889,0.1889,0.1889,0.1889,0.1889,available
trajectory,manual3,tdoa,cnn2,mae_m,m,1,0,0.2256,0,0.2256,0.2256,0.2256,0.2256,0.2256,available
trajectory,manual3,position,raw,rmse_m,m,1,0,0.3052,0,0.3052,0.3052,0.3052,0.3052,0.3052,available
trajectory,manual3,position,fnn,rmse_m,m,1,0,0.2656,0,0.2656,0.2656,0.2656,0.2656,0.2656,available
trajectory,manual3,position,cnn1,rmse_m,m,1,0,0.3269,0,0.3269,0.3269,0.3269,0.3269,0.3269,available
trajectory,manual3,position,cnn2,rmse_m,m,1,0,0.2652,0,0.2652,0.2652,0.2652,0.2652,0.2652,available
trajectory,manual3,position,raw,mae_m,m,0,1,NaN,NaN,NaN,NaN,NaN,NaN,NaN,unavailable
trajectory,manual3,position,fnn,mae_m,m,0,1,NaN,NaN,NaN,NaN,NaN,NaN,NaN,unavailable
trajectory,manual3,position,cnn1,mae_m,m,0,1,NaN,NaN,NaN,NaN,NaN,NaN,NaN,unavailable
trajectory,manual3,position,cnn2,mae_m,m,0,1,NaN,NaN,NaN,NaN,NaN,NaN,NaN,unavailable
constellation,const4,tdoa,raw,rmse_m,m,21,0,0.392157142857143,0.147530124284597,0.1701,0.6573,0.3968,0.6003,0.6078,available
constellation,const4,tdoa,fnn,rmse_m,m,21,0,0.293180952380952,0.0882609348412287,0.1494,0.4461,0.3063,0.3701,0.4168,available
constellation,const4,tdoa,cnn1,rmse_m,m,21,0,0.282990476190476,0.0924856091765735,0.1366,0.4399,0.2996,0.3619,0.4105,available
constellation,const4,tdoa,cnn2,rmse_m,m,21,0,0.291595238095238,0.0961521995390146,0.1465,0.4511,0.3119,0.3776,0.4282,available
constellation,const4,tdoa,raw,mae_m,m,21,0,0.228557142857143,0.0627400874356147,0.1367,0.3315,0.2447,0.3003,0.3165,available
constellation,const4,tdoa,fnn,mae_m,m,21,0,0.183414285714286,0.0465015406810816,0.1126,0.2715,0.1973,0.2337,0.2356,available
constellation,const4,tdoa,cnn1,mae_m,m,21,0,0.169761904761905,0.0454563249305361,0.1008,0.2476,0.188,0.2131,0.2185,available
constellation,const4,tdoa,cnn2,mae_m,m,21,0,0.1823,0.0500193362610901,0.108,0.2766,0.198,0.2325,0.244,available
constellation,const4,position,raw,rmse_m,m,21,0,0.502480952380952,0.166781877369958,0.2474,0.8805,0.5284,0.6734,0.7437,available
constellation,const4,position,fnn,rmse_m,m,21,0,0.335680952380952,0.126807900459899,0.1044,0.5426,0.3202,0.4758,0.4952,available
constellation,const4,position,cnn1,rmse_m,m,21,0,0.324914285714286,0.119565715343966,0.1086,0.541,0.3343,0.4494,0.5032,available
constellation,const4,position,cnn2,rmse_m,m,21,0,0.329261904761905,0.13506211710243,0.1007,0.5529,0.3385,0.4696,0.5194,available
constellation,const4,position,raw,mae_m,m,0,21,NaN,NaN,NaN,NaN,NaN,NaN,NaN,unavailable
constellation,const4,position,fnn,mae_m,m,0,21,NaN,NaN,NaN,NaN,NaN,NaN,NaN,unavailable
constellation,const4,position,cnn1,mae_m,m,0,21,NaN,NaN,NaN,NaN,NaN,NaN,NaN,unavailable
constellation,const4,position,cnn2,mae_m,m,0,21,NaN,NaN,NaN,NaN,NaN,NaN,NaN,unavailable
overall,all,tdoa,raw,rmse_m,m,21,0,0.392157142857143,0.147530124284597,0.1701,0.6573,0.3968,0.6003,0.6078,available
overall,all,tdoa,fnn,rmse_m,m,21,0,0.293180952380952,0.0882609348412287,0.1494,0.4461,0.3063,0.3701,0.4168,available
overall,all,tdoa,cnn1,rmse_m,m,21,0,0.282990476190476,0.0924856091765735,0.1366,0.4399,0.2996,0.3619,0.4105,available
overall,all,tdoa,cnn2,rmse_m,m,21,0,0.291595238095238,0.0961521995390146,0.1465,0.4511,0.3119,0.3776,0.4282,available
overall,all,tdoa,raw,mae_m,m,21,0,0.228557142857143,0.0627400874356147,0.1367,0.3315,0.2447,0.3003,0.3165,available
overall,all,tdoa,fnn,mae_m,m,21,0,0.183414285714286,0.0465015406810816,0.1126,0.2715,0.1973,0.2337,0.2356,available
overall,all,tdoa,cnn1,mae_m,m,21,0,0.169761904761905,0.0454563249305361,0.1008,0.2476,0.188,0.2131,0.2185,available
overall,all,tdoa,cnn2,mae_m,m,21,0,0.1823,0.0500193362610901,0.108,0.2766,0.198,0.2325,0.244,available
overall,all,position,raw,rmse_m,m,21,0,0.502480952380952,0.166781877369958,0.2474,0.8805,0.5284,0.6734,0.7437,available
overall,all,position,fnn,rmse_m,m,21,0,0.335680952380952,0.126807900459899,0.1044,0.5426,0.3202,0.4758,0.4952,available
overall,all,position,cnn1,rmse_m,m,21,0,0.324914285714286,0.119565715343966,0.1086,0.541,0.3343,0.4494,0.5032,available
overall,all,position,cnn2,rmse_m,m,21,0,0.329261904761905,0.13506211710243,0.1007,0.5529,0.3385,0.4696,0.5194,available
overall,all,position,raw,mae_m,m,0,21,NaN,NaN,NaN,NaN,NaN,NaN,NaN,unavailable
overall,all,position,fnn,mae_m,m,0,21,NaN,NaN,NaN,NaN,NaN,NaN,NaN,unavailable
overall,all,position,cnn1,mae_m,m,0,21,NaN,NaN,NaN,NaN,NaN,NaN,NaN,unavailable
overall,all,position,cnn2,mae_m,m,0,21,NaN,NaN,NaN,NaN,NaN,NaN,NaN,unavailable
